rank,city,state,population,2000-2013 growth
1,New York,New York,8405837,4.8%
2,Los Angeles,California,3884307,4.8%
3,Chicago,Illinois,2718782,-6.1%
4,Houston,Texas,2195914,11.0%
5,Philadelphia,Pennsylvania,1553165,2.6%
6,Phoenix,Arizona,1513367,14.0%
7,San Antonio,Texas,1409019,21.0%
8,San Diego,California,1355896,10.5%
9,Dallas,Texas,1257676,5.6%
10,San Jose,California,998537,10.5%
11,Austin,Texas,885400,31.7%
12,Indianapolis,Indiana,843393,7.8%
13,Jacksonville,Florida,842583,14.3%
14,San Francisco,California,837442,7.7%
15,Columbus,Ohio,822553,14.8%
16,Charlotte,North Carolina,792862,39.1%
17,Fort Worth,Texas,792727,45.1%
18,Detroit,Michigan,688701,-27.1%
19,El Paso,Texas,674433,19.4%
20,Memphis,Tennessee,653450,-5.3%
21,Seattle,Washington,652405,15.6%
22,Denver,Colorado,649495,16.7%
23,Washington,District of Columbia,646449,13.0%
24,Boston,Massachusetts,645966,9.4%
25,Nashville-Davidson,Tennessee,634464,16.2%
26,Baltimore,Maryland,622104,-4.0%
27,Oklahoma City,Oklahoma,610613,20.2%
28,Louisville/Jefferson County,Kentucky,609893,10.0%
29,Portland,Oregon,609456,15.0%
30,Las Vegas,Nevada,603488,24.5%
31,Milwaukee,Wisconsin,599164,0.3%
32,Albuquerque,New Mexico,556495,23.5%
33,Tucson,Arizona,526116,7.5%
34,Fresno,California,509924,18.3%
35,Sacramento,California,479686,17.2%
36,Long Beach,California,469428,1.5%
37,Kansas City,Missouri,467007,5.5%
38,Mesa,Arizona,457587,13.5%
39,Virginia Beach,Virginia,448479,5.1%
40,Atlanta,Georgia,447841,6.2%
41,Colorado Springs,Colorado,439886,21.4%
42,Omaha,Nebraska,434353,5.9%
43,Raleigh,North Carolina,431746,48.7%
44,Miami,Florida,417650,14.9%
45,Oakland,California,406253,1.3%
46,Minneapolis,Minnesota,400070,4.5%
47,Tulsa,Oklahoma,398121,1.3%
48,Cleveland,Ohio,390113,-18.1%
49,Wichita,Kansas,386552,9.7%
50,Arlington,Texas,379577,13.3%
51,New Orleans,Louisiana,378715,-21.6%
52,Bakersfield,California,363630,48.4%
53,Tampa,Florida,352957,16.0%
54,Honolulu,Hawaii,347884,-6.2%
55,Aurora,Colorado,345803,24.4%
56,Anaheim,California,345012,4.7%
57,Santa Ana,California,334227,-1.2%
58,St. Louis,Missouri,318416,-8.2%
59,Riverside,California,316619,22.5%
60,Corpus Christi,Texas,316381,14.1%
61,Lexington-Fayette,Kentucky,308428,18.0%
62,Pittsburgh,Pennsylvania,305841,-8.3%
63,Anchorage,Alaska,300950,15.4%
64,Stockton,California,298118,21.8%
65,Cincinnati,Ohio,297517,-10.1%
66,St. Paul,Minnesota,294873,2.8%
67,Toledo,Ohio,282313,-10.0%
68,Greensboro,North Carolina,279639,22.3%
69,Newark,New Jersey,278427,2.1%
70,Plano,Texas,274409,22.4%
71,Henderson,Nevada,270811,51.0%
72,Lincoln,Nebraska,268738,18.0%
73,Buffalo,New York,258959,-11.3%
74,Jersey City,New Jersey,257342,7.2%
75,Chula Vista,California,256780,46.2%
76,Fort Wayne,Indiana,256496,1.0%
77,Orlando,Florida,255483,31.2%
78,St. Petersburg,Florida,249688,0.3%
79,Chandler,Arizona,249146,38.7%
80,Laredo,Texas,248142,38.2%
81,Norfolk,Virginia,246139,5.0%
82,Durham,North Carolina,245475,29.9%
83,Madison,Wisconsin,243344,15.8%
84,Lubbock,Texas,239538,19.6%
85,Irvine,California,236716,61.3%
86,Winston-Salem,North Carolina,236441,16.9%
87,Glendale,Arizona,234632,5.7%
88,Garland,Texas,234566,8.5%
89,Hialeah,Florida,233394,3.2%
90,Reno,Nevada,233294,26.8%
91,Chesapeake,Virginia,230571,15.1%
92,Gilbert,Arizona,229972,96.0%
93,Baton Rouge,Louisiana,229426,0.4%
94,Irving,Texas,228653,19.1%
95,Scottsdale,Arizona,226918,11.0%
96,North Las Vegas,Nevada,226877,92.2%
97,Fremont,California,224922,10.0%
98,Boise City,Idaho,214237,9.5%
99,Richmond,Virginia,214114,8.2%
100,San Bernardino,California,213708,13.0%
101,Birmingham,Alabama,212113,-12.3%
102,Spokane,Washington,210721,7.0%
103,Rochester,New York,210358,-4.1%
104,Des Moines,Iowa,207510,3.9%
105,Modesto,California,204933,7.7%
106,Fayetteville,North Carolina,204408,2.4%
107,Tacoma,Washington,203446,4.9%
108,Oxnard,California,203007,18.2%
109,Fontana,California,203003,38.3%
110,Columbus,Georgia,202824,8.7%
111,Montgomery,Alabama,201332,-0.1%
112,Moreno Valley,California,201175,40.4%
113,Shreveport,Louisiana,200327,-0.1%
114,Aurora,Illinois,199963,38.4%
115,Yonkers,New York,199766,1.8%
116,Akron,Ohio,198100,-8.6%
117,Huntington Beach,California,197575,3.9%
118,Little Rock,Arkansas,197357,7.6%
119,Augusta-Richmond County,Georgia,197350,1.1%
120,Amarillo,Texas,196429,12.8%
121,Glendale,California,196021,0.3%
122,Mobile,Alabama,194899,-1.9%
123,Grand Rapids,Michigan,192294,-2.8%
124,Salt Lake City,Utah,191180,5.1%
125,Tallahassee,Florida,186411,21.8%
126,Huntsville,Alabama,186254,16.3%
127,Grand Prairie,Texas,183372,43.1%
128,Knoxville,Tennessee,183270,3.9%
129,Worcester,Massachusetts,182544,5.8%
130,Newport News,Virginia,182020,0.9%
131,Brownsville,Texas,181860,26.8%
132,Overland Park,Kansas,181260,19.4%
133,Santa Clarita,California,179590,15.3%
134,Providence,Rhode Island,177994,2.3%
135,Garden Grove,California,175140,5.8%
136,Chattanooga,Tennessee,173366,10.5%
137,Oceanside,California,172794,6.6%
138,Jackson,Mississippi,172638,-6.8%
139,Fort Lauderdale,Florida,172389,0.7%
140,Santa Rosa,California,171990,15.2%
141,Rancho Cucamonga,California,171386,32.7%
142,Port St. Lucie,Florida,171016,91.7%
143,Tempe,Arizona,168228,5.8%
144,Ontario,California,167500,5.5%
145,Vancouver,Washington,167405,14.2%
146,Cape Coral,Florida,165831,60.4%
147,Sioux Falls,South Dakota,164676,31.1%
148,Springfield,Missouri,164122,7.8%
149,Peoria,Arizona,162592,46.5%
150,Pembroke Pines,Florida,162329,17.4%
151,Elk Grove,California,161007,97.1%
152,Salem,Oregon,160614,16.4%
153,Lancaster,California,159523,33.8%
154,Corona,California,159503,23.6%
155,Eugene,Oregon,159190,14.4%
156,Palmdale,California,157161,33.7%
157,Salinas,California,155662,8.4%
158,Springfield,Massachusetts,153703,1.1%
159,Pasadena,Texas,152735,7.5%
160,Fort Collins,Colorado,152061,26.6%
161,Hayward,California,151574,7.5%
162,Pomona,California,151348,2.1%
163,Cary,North Carolina,151088,55.1%
164,Rockford,Illinois,150251,-1.0%
165,Alexandria,Virginia,148892,15.0%
166,Escondido,California,148738,10.7%
167,McKinney,Texas,148559,165.3%
168,Kansas City,Kansas,148483,1.1%
169,Joliet,Illinois,147806,36.5%
170,Sunnyvale,California,147559,11.9%
171,Torrance,California,147478,6.6%
172,Bridgeport,Connecticut,147216,5.4%
173,Lakewood,Colorado,147214,1.9%
174,Hollywood,Florida,146526,4.8%
175,Paterson,New Jersey,145948,-2.2%
176,Naperville,Illinois,144864,12.0%
177,Syracuse,New York,144669,-0.9%
178,Mesquite,Texas,143484,14.7%
179,Dayton,Ohio,143355,-13.5%
180,Savannah,Georgia,142772,7.5%
181,Clarksville,Tennessee,142357,36.9%
182,Orange,California,139969,7.7%
183,Pasadena,California,139731,3.8%
184,Fullerton,California,138981,9.8%
185,Killeen,Texas,137147,52.1%
186,Frisco,Texas,136791,287.7%
187,Hampton,Virginia,136699,-6.6%
188,McAllen,Texas,136639,27.6%
189,Warren,Michigan,134873,-2.3%
190,Bellevue,Washington,133992,19.1%
191,West Valley City,Utah,133579,22.2%
192,Columbia,South Carolina,133358,11.7%
193,Olathe,Kansas,131885,40.4%
194,Sterling Heights,Michigan,131224,5.2%
195,New Haven,Connecticut,130660,5.5%
196,Miramar,Florida,130288,74.7%
197,Waco,Texas,129030,12.5%
198,Thousand Oaks,California,128731,9.5%
199,Cedar Rapids,Iowa,128429,5.4%
200,Charleston,South Carolina,127999,29.2%
201,Visalia,California,127763,33.6%
202,Topeka,Kansas,127679,3.4%
203,Elizabeth,New Jersey,127558,5.5%
204,Gainesville,Florida,127488,12.8%
205,Thornton,Colorado,127359,52.9%
206,Roseville,California,127035,56.2%
207,Carrollton,Texas,126700,14.9%
208,Coral Springs,Florida,126604,5.7%
209,Stamford,Connecticut,126456,7.6%
210,Simi Valley,California,126181,12.6%
211,Concord,California,125880,2.9%
212,Hartford,Connecticut,125017,0.6%
213,Kent,Washington,124435,54.3%
214,Lafayette,Louisiana,124276,11.0%
215,Midland,Texas,123933,30.4%
216,Surprise,Arizona,123546,281.9%
217,Denton,Texas,123099,47.1%
218,Victorville,California,121096,87.6%
219,Evansville,Indiana,120310,-0.8%
220,Santa Clara,California,120245,17.4%
221,Abilene,Texas,120099,3.6%
222,Athens-Clarke County,Georgia,119980,19.0%
223,Vallejo,California,118837,1.2%
224,Allentown,Pennsylvania,118577,11.2%
225,Norman,Oklahoma,118197,22.0%
226,Beaumont,Texas,117796,3.7%
227,Independence,Missouri,117240,3.2%
228,Murfreesboro,Tennessee,117044,65.1%
229,Ann Arbor,Michigan,117025,2.0%
230,Springfield,Illinois,117006,4.2%
231,Berkeley,California,116768,13.3%
232,Peoria,Illinois,116513,3.0%
233,Provo,Utah,116288,10.0%
234,El Monte,California,115708,-0.4%
235,Columbia,Missouri,115276,34.0%
236,Lansing,Michigan,113972,-4.4%
237,Fargo,North Dakota,113658,24.9%
238,Downey,California,113242,5.3%
239,Costa Mesa,California,112174,2.4%
240,Wilmington,North Carolina,112067,24.8%
241,Arvada,Colorado,111707,9.2%
242,Inglewood,California,111542,-1.0%
243,Miami Gardens,Florida,111378,10.5%
244,Carlsbad,California,110972,39.7%
245,Westminster,Colorado,110945,9.4%
246,Rochester,Minnesota,110742,23.9%
247,Odessa,Texas,110720,22.3%
248,Manchester,New Hampshire,110378,2.9%
249,Elgin,Illinois,110145,16.0%
250,West Jordan,Utah,110077,38.4%
251,Round Rock,Texas,109821,81.0%
252,Clearwater,Florida,109703,0.1%
253,Waterbury,Connecticut,109676,2.2%
254,Gresham,Oregon,109397,20.7%
255,Fairfield,California,109320,12.8%
256,Billings,Montana,109059,18.6%
257,Lowell,Massachusetts,108861,3.4%
258,San Buenaventura (Ventura),California,108817,7.4%
259,Pueblo,Colorado,108249,5.9%
260,High Point,North Carolina,107741,24.3%
261,West Covina,California,107740,2.3%
262,Richmond,California,107571,7.9%
263,Murrieta,California,107479,107.4%
264,Cambridge,Massachusetts,107289,5.5%
265,Antioch,California,107100,16.9%
266,Temecula,California,106780,55.4%
267,Norwalk,California,106589,1.9%
268,Centennial,Colorado,106114,3.5%
269,Everett,Washington,105370,9.4%
270,Palm Bay,Florida,104898,31.7%
271,Wichita Falls,Texas,104898,0.7%
272,Green Bay,Wisconsin,104779,1.9%
273,Daly City,California,104739,1.0%
274,Burbank,California,104709,4.2%
275,Richardson,Texas,104475,13.2%
276,Pompano Beach,Florida,104410,4.0%
277,North Charleston,South Carolina,104054,27.4%
278,Broken Arrow,Oklahoma,103500,28.2%
279,Boulder,Colorado,103166,9.0%
280,West Palm Beach,Florida,102436,23.5%
281,Santa Maria,California,102216,30.9%
282,El Cajon,California,102211,7.4%
283,Davenport,Iowa,102157,3.9%
284,Rialto,California,101910,9.8%
285,Las Cruces,New Mexico,101324,37.6%
286,San Mateo,California,101128,9.0%
287,Lewisville,Texas,101074,28.9%
288,South Bend,Indiana,100886,-6.8%
289,Lakeland,Florida,100710,18.3%
290,Erie,Pennsylvania,100671,-2.8%
291,Tyler,Texas,100223,18.6%
292,Pearland,Texas,100065,117.2%
293,College Station,Texas,100050,45.2%
294,Kenosha,Wisconsin,99889,9.5%
295,Sandy Springs,Georgia,99770,17.4%
296,Clovis,California,99769,42.6%
297,Flint,Michigan,99763,-20.0%
298,Roanoke,Virginia,98465,3.8%
299,Albany,New York,98424,4.1%
300,Jurupa Valley,California,98030,
301,Compton,California,97877,4.5%
302,San Angelo,Texas,97492,10.2%
303,Hillsboro,Oregon,97368,36.4%
304,Lawton,Oklahoma,97151,4.9%
305,Renton,Washington,97003,88.4%
306,Vista,California,96929,7.7%
307,Davie,Florida,96830,17.7%
308,Greeley,Colorado,96539,23.1%
309,Mission Viejo,California,96346,2.9%
310,Portsmouth,Virginia,96205,-4.2%
311,Dearborn,Michigan,95884,-2.0%
312,South Gate,California,95677,-0.8%
313,Tuscaloosa,Alabama,95334,21.1%
314,Livonia,Michigan,95208,-5.4%
315,New Bedford,Massachusetts,95078,1.2%
316,Vacaville,California,94275,5.4%
317,Brockton,Massachusetts,94089,-0.3%
318,Roswell,Georgia,94034,15.2%
319,Beaverton,Oregon,93542,17.0%
320,Quincy,Massachusetts,93494,5.8%
321,Sparks,Nevada,93282,39.4%
322,Yakima,Washington,93257,11.7%
323,Lee's Summit,Missouri,93184,31.2%
324,Federal Way,Washington,92734,8.8%
325,Carson,California,92599,2.9%
326,Santa Monica,California,92472,9.6%
327,Hesperia,California,92147,46.1%
328,Allen,Texas,92020,104.0%
329,Rio Rancho,New Mexico,91956,74.4%
330,Yuma,Arizona,91923,16.2%
331,Westminster,California,91739,3.9%
332,Orem,Utah,91648,8.5%
333,Lynn,Massachusetts,91589,2.6%
334,Redding,California,91119,11.9%
335,Spokane Valley,Washington,91113,12.6%
336,Miami Beach,Florida,91026,3.3%
337,League City,Texas,90983,98.3%
338,Lawrence,Kansas,90811,12.7%
339,Santa Barbara,California,90412,0.9%
340,Plantation,Florida,90268,8.6%
341,Sandy,Utah,90231,1.3%
342,Sunrise,Florida,90116,4.6%
343,Macon,Georgia,89981,-7.3%
344,Longmont,Colorado,89919,24.4%
345,Boca Raton,Florida,89407,7.5%
346,San Marcos,California,89387,60.0%
347,Greenville,North Carolina,89130,41.9%
348,Waukegan,Illinois,88826,0.5%
349,Fall River,Massachusetts,88697,-3.7%
350,Chico,California,88077,14.2%
351,Newton,Massachusetts,87971,4.9%
352,San Leandro,California,87965,10.3%
353,Reading,Pennsylvania,87893,8.0%
354,Norwalk,Connecticut,87776,5.6%
355,Fort Smith,Arkansas,87650,8.6%
356,Newport Beach,California,87273,10.4%
357,Asheville,North Carolina,87236,19.6%
358,Nashua,New Hampshire,87137,0.4%
359,Edmond,Oklahoma,87004,26.9%
360,Whittier,California,86635,3.3%
361,Nampa,Idaho,86518,57.9%
362,Bloomington,Minnesota,86319,1.3%
363,Deltona,Florida,86290,23.1%
364,Hawthorne,California,86199,2.3%
365,Duluth,Minnesota,86128,-0.1%
366,Carmel,Indiana,85927,60.4%
367,Suffolk,Virginia,85728,33.5%
368,Clifton,New Jersey,85390,7.9%
369,Citrus Heights,California,85285,-0.1%
370,Livermore,California,85156,15.1%
371,Tracy,California,84691,45.9%
372,Alhambra,California,84577,-0.7%
373,Kirkland,Washington,84430,87.5%
374,Trenton,New Jersey,84349,-1.2%
375,Ogden,Utah,84249,8.6%
376,Hoover,Alabama,84126,32.7%
377,Cicero,Illinois,84103,-1.6%
378,Fishers,Indiana,83891,114.8%
379,Sugar Land,Texas,83860,29.1%
380,Danbury,Connecticut,83684,11.4%
381,Meridian,Idaho,83596,127.6%
382,Indio,California,83539,66.0%
383,Concord,North Carolina,83506,47.4%
384,Menifee,California,83447,95.0%
385,Champaign,Illinois,83424,18.3%
386,Buena Park,California,82882,6.1%
387,Troy,Michigan,82821,2.2%
388,O'Fallon,Missouri,82809,62.6%
389,Johns Creek,Georgia,82788,36.5%
390,Bellingham,Washington,82631,21.8%
391,Westland,Michigan,82578,-4.7%
392,Bloomington,Indiana,82575,16.1%
393,Sioux City,Iowa,82459,-2.9%
394,Warwick,Rhode Island,81971,-4.6%
395,Hemet,California,81750,37.6%
396,Longview,Texas,81443,11.6%
397,Farmington Hills,Michigan,81295,-0.9%
398,Bend,Oregon,81236,54.3%
399,Lakewood,California,81121,2.1%
400,Merced,California,81102,25.4%
401,Mission,Texas,81050,74.5%
402,Chino,California,80988,15.6%
403,Redwood City,California,80872,7.1%
404,Edinburg,Texas,80836,65.1%
405,Cranston,Rhode Island,80566,1.4%
406,Parma,Ohio,80429,-5.9%
407,New Rochelle,New York,79446,9.9%
408,Lake Forest,California,79312,4.2%
409,Napa,California,79068,8.4%
410,Hammond,Indiana,78967,-4.6%
411,Fayetteville,Arkansas,78960,32.9%
412,Bloomington,Illinois,78902,20.1%
413,Avondale,Arizona,78822,111.5%
414,Somerville,Massachusetts,78804,1.6%
415,Palm Coast,Florida,78740,137.2%
416,Bryan,Texas,78709,19.3%
417,Gary,Indiana,78450,-23.4%
418,Largo,Florida,78409,5.1%
419,Brooklyn Park,Minnesota,78373,16.0%
420,Tustin,California,78327,15.6%
421,Racine,Wisconsin,78199,-4.4%
422,Deerfield Beach,Florida,78041,4.8%
423,Lynchburg,Virginia,78014,19.5%
424,Mountain View,California,77846,10.1%
425,Medford,Oregon,77677,17.1%
426,Lawrence,Massachusetts,77657,7.5%
427,Bellflower,California,77593,6.3%
428,Melbourne,Florida,77508,5.9%
429,St. Joseph,Missouri,77147,4.1%
430,Camden,New Jersey,76903,-3.6%
431,St. George,Utah,76817,53.1%
432,Kennewick,Washington,76762,29.1%
433,Baldwin Park,California,76635,0.8%
434,Chino Hills,California,76572,13.6%
435,Alameda,California,76419,5.4%
436,Albany,Georgia,76185,-0.6%
437,Arlington Heights,Illinois,75994,-0.6%
438,Scranton,Pennsylvania,75806,0.0%
439,Evanston,Illinois,75570,1.9%
440,Kalamazoo,Michigan,75548,-1.9%
441,Baytown,Texas,75418,13.1%
442,Upland,California,75413,9.5%
443,Springdale,Arkansas,75229,57.1%
444,Bethlehem,Pennsylvania,75018,5.2%
445,Schaumburg,Illinois,74907,-0.5%
446,Mount Pleasant,South Carolina,74885,53.2%
447,Auburn,Washington,74860,34.9%
448,Decatur,Illinois,74710,-8.7%
449,San Ramon,California,74513,65.8%
450,Pleasanton,California,74110,15.2%
451,Wyoming,Michigan,74100,6.5%
452,Lake Charles,Louisiana,74024,3.0%
453,Plymouth,Minnesota,73987,12.0%
454,Bolingbrook,Illinois,73936,29.7%
455,Pharr,Texas,73790,55.7%
456,Appleton,Wisconsin,73596,4.5%
457,Gastonia,North Carolina,73209,8.2%
458,Folsom,California,73098,38.6%
459,Southfield,Michigan,73006,-6.7%
460,Rochester Hills,Michigan,72952,5.7%
461,New Britain,Connecticut,72939,1.9%
462,Goodyear,Arizona,72864,271.0%
463,Canton,Ohio,72535,-10.3%
464,Warner Robins,Georgia,72531,45.7%
465,Union City,California,72528,7.4%
466,Perris,California,72326,98.7%
467,Manteca,California,71948,42.7%
468,Iowa City,Iowa,71591,13.8%
469,Jonesboro,Arkansas,71551,28.3%
470,Wilmington,Delaware,71525,-1.6%
471,Lynwood,California,71371,2.0%
472,Loveland,Colorado,71334,37.4%
473,Pawtucket,Rhode Island,71172,-2.5%
474,Boynton Beach,Florida,71097,17.3%
475,Waukesha,Wisconsin,71016,8.0%
476,Gulfport,Mississippi,71012,-0.6%
477,Apple Valley,California,70924,29.9%
478,Passaic,New Jersey,70868,4.3%
479,Rapid City,South Dakota,70812,17.9%
480,Layton,Utah,70790,20.2%
481,Lafayette,Indiana,70373,14.5%
482,Turlock,California,70365,23.5%
483,Muncie,Indiana,70316,-0.7%
484,Temple,Texas,70190,27.1%
485,Missouri City,Texas,70185,31.1%
486,Redlands,California,69999,9.4%
487,Santa Fe,New Mexico,69976,10.5%
488,Lauderhill,Florida,69813,4.2%
489,Milpitas,California,69783,11.0%
490,Palatine,Illinois,69350,4.5%
491,Missoula,Montana,69122,19.7%
492,Rock Hill,South Carolina,69103,36.0%
493,Jacksonville,North Carolina,69079,5.0%
494,Franklin,Tennessee,68886,48.5%
495,Flagstaff,Arizona,68667,29.3%
496,Flower Mound,Texas,68609,32.5%
497,Weston,Florida,68388,34.5%
498,Waterloo,Iowa,68366,-0.5%
499,Union City,New Jersey,68247,1.7%
500,Mount Vernon,New York,68224,-0.2%
501,Fort Myers,Florida,68190,31.2%
502,Dothan,Alabama,68001,16.6%
503,Rancho Cordova,California,67911,26.4%
504,Redondo Beach,California,67815,6.7%
505,Jackson,Tennessee,67685,12.9%
506,Pasco,Washington,67599,98.5%
507,St. Charles,Missouri,67569,11.3%
508,Eau Claire,Wisconsin,67545,8.7%
509,North Richland Hills,Texas,67317,20.2%
510,Bismarck,North Dakota,67034,20.1%
511,Yorba Linda,California,67032,13.4%
512,Kenner,Louisiana,66975,-4.8%
513,Walnut Creek,California,66900,3.5%
514,Frederick,Maryland,66893,25.9%
515,Oshkosh,Wisconsin,66778,5.3%
516,Pittsburg,California,66695,16.6%
517,Palo Alto,California,66642,13.7%
518,Bossier City,Louisiana,66333,17.4%
519,Portland,Maine,66318,3.2%
520,St. Cloud,Minnesota,66297,10.9%
521,Davis,California,66205,11.9%
522,South San Francisco,California,66174,9.1%
523,Camarillo,California,66086,14.9%
524,North Little Rock,Arkansas,66075,9.0%
525,Schenectady,New York,65902,6.7%
526,Gaithersburg,Maryland,65690,24.2%
527,Harlingen,Texas,65665,11.6%
528,Woodbury,Minnesota,65656,39.8%
529,Eagan,Minnesota,65453,2.6%
530,Yuba City,California,65416,27.9%
531,Maple Grove,Minnesota,65415,27.3%
532,Youngstown,Ohio,65184,-20.2%
533,Skokie,Illinois,65176,2.8%
534,Kissimmee,Florida,65173,32.6%
535,Johnson City,Tennessee,65123,16.2%
536,Victoria,Texas,65098,7.5%
537,San Clemente,California,65040,28.6%
538,Bayonne,New Jersey,65028,5.1%
539,Laguna Niguel,California,64652,2.8%
540,East Orange,New Jersey,64544,-7.4%
541,Shawnee,Kansas,64323,32.2%
542,Homestead,Florida,64079,100.7%
544,Rockville,Maryland,64072,34.0%
543,Delray Beach,Florida,64072,6.1%
545,Janesville,Wisconsin,63820,5.6%
546,Conway,Arkansas,63816,46.1%
547,Pico Rivera,California,63771,0.4%
548,Lorain,Ohio,63710,-7.2%
549,Montebello,California,63495,2.0%
550,Lodi,California,63338,10.1%
551,New Braunfels,Texas,63279,64.0%
552,Marysville,Washington,63269,115.7%
553,Tamarac,Florida,63155,12.9%
554,Madera,California,63105,44.4%
555,Conroe,Texas,63032,61.9%
556,Santa Cruz,California,62864,12.5%
557,Eden Prairie,Minnesota,62603,13.3%
558,Cheyenne,Wyoming,62448,16.9%
559,Daytona Beach,Florida,62316,-2.3%
560,Alpharetta,Georgia,62298,33.6%
561,Hamilton,Ohio,62258,2.7%
562,Waltham,Massachusetts,62227,5.0%
563,Coon Rapids,Minnesota,62103,0.6%
564,Haverhill,Massachusetts,62088,5.0%
565,Council Bluffs,Iowa,61969,6.2%
566,Taylor,Michigan,61817,-6.3%
567,Utica,New York,61808,2.2%
568,Ames,Iowa,61792,21.3%
569,La Habra,California,61653,3.6%
570,Encinitas,California,61588,5.8%
571,Bowling Green,Kentucky,61488,24.1%
572,Burnsville,Minnesota,61434,1.9%
573,Greenville,South Carolina,61397,8.2%
574,West Des Moines,Iowa,61255,29.8%
575,Cedar Park,Texas,61238,134.3%
576,Tulare,California,61170,33.3%
577,Monterey Park,California,61085,1.5%
578,Vineland,New Jersey,61050,9.3%
579,Terre Haute,Indiana,61025,2.5%
580,North Miami,Florida,61007,2.0%
581,Mansfield,Texas,60872,114.2%
582,West Allis,Wisconsin,60697,-0.6%
583,Bristol,Connecticut,60568,0.4%
584,Taylorsville,Utah,60519,2.9%
585,Malden,Massachusetts,60509,7.4%
586,Meriden,Connecticut,60456,3.7%
587,Blaine,Minnesota,60407,32.8%
588,Wellington,Florida,60202,55.0%
589,Cupertino,California,60189,14.3%
590,Springfield,Oregon,60177,12.4%
591,Rogers,Arkansas,60112,50.6%
592,St. Clair Shores,Michigan,60070,-4.6%
593,Gardena,California,59957,3.4%
594,Pontiac,Michigan,59887,-11.4%
595,National City,California,59834,10.1%
596,Grand Junction,Colorado,59778,30.9%
597,Rocklin,California,59738,60.3%
598,Chapel Hill,North Carolina,59635,24.1%
599,Casper,Wyoming,59628,19.9%
600,Broomfield,Colorado,59471,50.3%
601,Petaluma,California,59440,8.4%
602,South Jordan,Utah,59366,100.1%
603,Springfield,Ohio,59357,-9.8%
604,Great Falls,Montana,59351,3.9%
605,Lancaster,Pennsylvania,59325,4.5%
606,North Port,Florida,59212,154.6%
607,Lakewood,Washington,59097,1.1%
608,Marietta,Georgia,59089,-3.8%
609,San Rafael,California,58994,5.0%
610,Royal Oak,Michigan,58946,-1.7%
611,Des Plaines,Illinois,58918,3.2%
612,Huntington Park,California,58879,-4.1%
613,La Mesa,California,58642,6.9%
614,Orland Park,Illinois,58590,13.9%
615,Auburn,Alabama,58582,26.4%
616,Lakeville,Minnesota,58562,34.3%
617,Owensboro,Kentucky,58416,7.7%
618,Moore,Oklahoma,58414,41.5%
619,Jupiter,Florida,58298,46.2%
620,Idaho Falls,Idaho,58292,14.0%
621,Dubuque,Iowa,58253,0.9%
622,Bartlett,Tennessee,58226,31.7%
623,Rowlett,Texas,58043,28.6%
624,Novi,Michigan,57960,22.0%
625,White Plains,New York,57866,8.5%
626,Arcadia,California,57639,8.3%
627,Redmond,Washington,57530,26.0%
628,Lake Elsinore,California,57525,96.5%
629,Ocala,Florida,57468,20.8%
630,Tinley Park,Illinois,57282,16.3%
631,Port Orange,Florida,57203,22.8%
632,Medford,Massachusetts,57170,2.7%
633,Oak Lawn,Illinois,57073,3.3%
634,Rocky Mount,North Carolina,56954,-3.1%
635,Kokomo,Indiana,56895,21.3%
636,Coconut Creek,Florida,56792,28.4%
637,Bowie,Maryland,56759,8.6%
638,Berwyn,Illinois,56758,5.1%
639,Midwest City,Oklahoma,56756,4.5%
640,Fountain Valley,California,56707,3.0%
641,Buckeye,Arizona,56683,480.9%
642,Dearborn Heights,Michigan,56620,-3.0%
643,Woodland,California,56590,13.8%
644,Noblesville,Indiana,56540,88.1%
645,Valdosta,Georgia,56481,22.3%
646,Diamond Bar,California,56449,0.1%
647,Manhattan,Kansas,56143,22.8%
648,Santee,California,56105,5.7%
649,Taunton,Massachusetts,56069,0.0%
650,Sanford,Florida,56002,42.8%
651,Kettering,Ohio,55870,-3.1%
652,New Brunswick,New Jersey,55831,15.5%
653,Decatur,Alabama,55816,3.1%
654,Chicopee,Massachusetts,55717,1.7%
655,Anderson,Indiana,55670,-6.6%
656,Margate,Florida,55456,2.7%
657,Weymouth Town,Massachusetts,55419,
658,Hempstead,New York,55361,4.0%
659,Corvallis,Oregon,55298,11.8%
660,Eastvale,California,55191,
661,Porterville,California,55174,20.1%
662,West Haven,Connecticut,55046,5.1%
663,Brentwood,California,55000,122.3%
664,Paramount,California,54980,-0.7%
665,Grand Forks,North Dakota,54932,11.5%
666,Georgetown,Texas,54898,91.9%
667,St. Peters,Missouri,54842,6.5%
668,Shoreline,Washington,54790,2.9%
669,Mount Prospect,Illinois,54771,-2.5%
670,Hanford,California,54686,30.3%
671,Normal,Illinois,54664,19.7%
672,Rosemead,California,54561,1.7%
673,Lehi,Utah,54382,176.3%
674,Pocatello,Idaho,54350,5.4%
675,Highland,California,54291,21.0%
676,Novato,California,54194,13.3%
677,Port Arthur,Texas,54135,-6.0%
678,Carson City,Nevada,54080,2.9%
679,San Marcos,Texas,54076,48.5%
680,Hendersonville,Tennessee,54068,31.7%
681,Elyria,Ohio,53956,-3.7%
682,Revere,Massachusetts,53756,13.4%
683,Pflugerville,Texas,53752,123.4%
684,Greenwood,Indiana,53665,46.0%
685,Bellevue,Nebraska,53663,20.5%
686,Wheaton,Illinois,53648,-3.4%
687,Smyrna,Georgia,53438,20.0%
688,Sarasota,Florida,53326,1.4%
689,Blue Springs,Missouri,53294,9.9%
690,Colton,California,53243,10.8%
691,Euless,Texas,53224,15.1%
692,Castle Rock,Colorado,53063,153.5%
693,Cathedral City,California,52977,23.2%
694,Kingsport,Tennessee,52962,16.7%
695,Lake Havasu City,Arizona,52844,24.6%
696,Pensacola,Florida,52703,-6.0%
697,Hoboken,New Jersey,52575,35.8%
698,Yucaipa,California,52536,26.8%
699,Watsonville,California,52477,12.7%
700,Richland,Washington,52413,34.6%
701,Delano,California,52403,31.8%
702,Hoffman Estates,Illinois,52398,5.4%
703,Florissant,Missouri,52363,-2.8%
704,Placentia,California,52206,11.8%
705,West New York,New Jersey,52122,13.3%
706,Dublin,California,52105,70.0%
707,Oak Park,Illinois,52066,-0.8%
708,Peabody,Massachusetts,52044,7.5%
709,Perth Amboy,New Jersey,51982,9.7%
710,Battle Creek,Michigan,51848,-2.8%
711,Bradenton,Florida,51763,3.4%
712,Gilroy,California,51701,23.9%
713,Milford,Connecticut,51644,1.8%
714,Albany,Oregon,51583,25.5%
715,Ankeny,Iowa,51567,86.9%
716,La Crosse,Wisconsin,51522,-0.8%
717,Burlington,North Carolina,51510,12.1%
718,DeSoto,Texas,51483,36.0%
719,Harrisonburg,Virginia,51395,27.1%
720,Minnetonka,Minnesota,51368,0.4%
721,Elkhart,Indiana,51265,-2.5%
722,Lakewood,Ohio,51143,-9.4%
723,Glendora,California,51074,3.1%
724,Southaven,Mississippi,50997,72.8%
725,Charleston,West Virginia,50821,-4.7%
726,Joplin,Missouri,50789,11.2%
727,Enid,Oklahoma,50725,8.1%
728,Palm Beach Gardens,Florida,50699,39.6%
729,Brookhaven,Georgia,50603,
730,Plainfield,New Jersey,50588,5.7%
731,Grand Island,Nebraska,50550,16.0%
732,Palm Desert,California,50508,13.2%
733,Huntersville,North Carolina,50458,92.9%
734,Tigard,Oregon,50444,17.8%
735,Lenexa,Kansas,50344,24.6%
736,Saginaw,Michigan,50303,-18.2%
737,Kentwood,Michigan,50233,10.5%
738,Doral,Florida,50213,137.6%
739,Apple Valley,Minnesota,50201,9.2%
740,Grapevine,Texas,50195,17.6%
741,Aliso Viejo,California,50175,25.4%
742,Sammamish,Washington,50169,44.1%
743,Casa Grande,Arizona,50111,86.0%
744,Pinellas Park,Florida,49998,5.9%
745,Troy,New York,49974,1.5%
746,West Sacramento,California,49891,55.6%
747,Burien,Washington,49858,56.7%
748,Commerce City,Colorado,49799,135.4%
749,Monroe,Louisiana,49761,-6.1%
750,Cerritos,California,49707,-3.6%
751,Downers Grove,Illinois,49670,0.0%
752,Coral Gables,Florida,49631,16.1%
753,Wilson,North Carolina,49628,10.1%
754,Niagara Falls,New York,49468,-10.8%
755,Poway,California,49417,2.4%
756,Edina,Minnesota,49376,4.1%
757,Cuyahoga Falls,Ohio,49267,-0.2%
758,Rancho Santa Margarita,California,49228,4.6%
759,Harrisburg,Pennsylvania,49188,0.6%
760,Huntington,West Virginia,49177,-5.0%
761,La Mirada,California,49133,4.6%
762,Cypress,California,49087,5.3%
763,Caldwell,Idaho,48957,77.1%
764,Logan,Utah,48913,14.5%
765,Galveston,Texas,48733,-15.2%
766,Sheboygan,Wisconsin,48725,-3.9%
767,Middletown,Ohio,48630,-5.7%
768,Murray,Utah,48612,6.6%
769,Roswell,New Mexico,48611,7.5%
770,Parker,Colorado,48608,96.4%
771,Bedford,Texas,48592,2.9%
772,East Lansing,Michigan,48554,4.2%
773,Methuen,Massachusetts,48514,10.3%
774,Covina,California,48508,3.3%
775,Alexandria,Louisiana,48426,4.1%
776,Olympia,Washington,48338,12.1%
777,Euclid,Ohio,48139,-8.4%
778,Mishawaka,Indiana,47989,2.0%
779,Salina,Kansas,47846,4.5%
780,Azusa,California,47842,6.7%
781,Newark,Ohio,47777,3.1%
782,Chesterfield,Missouri,47749,1.9%
783,Leesburg,Virginia,47673,66.0%
784,Dunwoody,Georgia,47591,
785,Hattiesburg,Mississippi,47556,3.1%
786,Roseville,Michigan,47555,-1.0%
787,Bonita Springs,Florida,47547,43.8%
788,Portage,Michigan,47523,5.7%
789,St. Louis Park,Minnesota,47411,7.3%
790,Collierville,Tennessee,47333,43.4%
791,Middletown,Connecticut,47333,3.6%
792,Stillwater,Oklahoma,47186,20.1%
793,East Providence,Rhode Island,47149,-3.3%
794,Lawrence,Indiana,47135,20.5%
795,Wauwatosa,Wisconsin,47134,0.0%
796,Mentor,Ohio,46979,-6.6%
797,Ceres,California,46714,34.0%
798,Cedar Hill,Texas,46663,42.4%
799,Mansfield,Ohio,46454,-10.1%
800,Binghamton,New York,46444,-1.7%
801,Coeur d'Alene,Idaho,46402,32.8%
802,San Luis Obispo,California,46377,4.4%
803,Minot,North Dakota,46321,26.6%
804,Palm Springs,California,46281,7.7%
805,Pine Bluff,Arkansas,46094,-16.2%
806,Texas City,Texas,46081,10.3%
807,Summerville,South Carolina,46074,62.9%
808,Twin Falls,Idaho,45981,31.5%
809,Jeffersonville,Indiana,45929,53.3%
810,San Jacinto,California,45851,91.8%
811,Madison,Alabama,45799,53.7%
812,Altoona,Pennsylvania,45796,-7.3%
813,Columbus,Indiana,45775,16.4%
814,Beavercreek,Ohio,45712,19.0%
815,Apopka,Florida,45587,63.9%
816,Elmhurst,Illinois,45556,5.7%
817,Maricopa,Arizona,45508,2503.4%
818,Farmington,New Mexico,45426,18.1%
819,Glenview,Illinois,45417,5.2%
820,Cleveland Heights,Ohio,45394,-10.3%
821,Draper,Utah,45285,77.4%
822,Lincoln,California,45237,285.2%
823,Sierra Vista,Arizona,45129,19.3%
824,Lacey,Washington,44919,41.7%
825,Biloxi,Mississippi,44820,-11.5%
826,Strongsville,Ohio,44730,1.9%
827,Barnstable Town,Massachusetts,44641,-7.1%
828,Wylie,Texas,44575,185.2%
829,Sayreville,New Jersey,44412,9.6%
830,Kannapolis,North Carolina,44359,18.6%
831,Charlottesville,Virginia,44349,10.5%
832,Littleton,Colorado,44275,9.4%
833,Titusville,Florida,44206,7.8%
834,Hackensack,New Jersey,44113,2.9%
835,Newark,California,44096,3.3%
836,Pittsfield,Massachusetts,44057,-3.6%
837,York,Pennsylvania,43935,6.4%
838,Lombard,Illinois,43907,2.9%
839,Attleboro,Massachusetts,43886,4.6%
840,DeKalb,Illinois,43849,11.8%
841,Blacksburg,Virginia,43609,9.4%
842,Dublin,Ohio,43607,37.6%
843,Haltom City,Texas,43580,11.4%
844,Lompoc,California,43509,5.5%
845,El Centro,California,43363,13.7%
846,Danville,California,43341,3.7%
847,Jefferson City,Missouri,43330,6.7%
848,Cutler Bay,Florida,43328,42.9%
849,Oakland Park,Florida,43286,2.7%
850,North Miami Beach,Florida,43250,3.6%
851,Freeport,New York,43167,-1.4%
852,Moline,Illinois,43116,-1.9%
853,Coachella,California,43092,88.4%
854,Fort Pierce,Florida,43074,6.9%
855,Smyrna,Tennessee,43060,54.9%
856,Bountiful,Utah,43023,3.9%
857,Fond du Lac,Wisconsin,42970,1.7%
858,Everett,Massachusetts,42935,12.1%
859,Danville,Virginia,42907,-11.0%
860,Keller,Texas,42907,53.3%
861,Belleville,Illinois,42895,1.2%
862,Bell Gardens,California,42889,-2.7%
863,Cleveland,Tennessee,42774,14.1%
864,North Lauderdale,Florida,42757,10.8%
865,Fairfield,Ohio,42635,1.2%
866,Salem,Massachusetts,42544,5.1%
867,Rancho Palos Verdes,California,42448,2.9%
868,San Bruno,California,42443,5.6%
869,Concord,New Hampshire,42419,4.1%
870,Burlington,Vermont,42284,6.1%
871,Apex,North Carolina,42214,98.8%
872,Midland,Michigan,42181,0.9%
873,Altamonte Springs,Florida,42150,2.0%
874,Hutchinson,Kansas,41889,0.1%
875,Buffalo Grove,Illinois,41778,-3.4%
876,Urbandale,Iowa,41776,41.5%
877,State College,Pennsylvania,41757,8.7%
878,Urbana,Illinois,41752,10.3%
879,Plainfield,Illinois,41734,203.6%
880,Manassas,Virginia,41705,19.5%
881,Bartlett,Illinois,41679,13.1%
882,Kearny,New Jersey,41664,2.8%
883,Oro Valley,Arizona,41627,27.0%
884,Findlay,Ohio,41512,5.8%
885,Rohnert Park,California,41398,0.0%
887,Westfield,Massachusetts,41301,3.0%
886,Linden,New Jersey,41301,4.7%
888,Sumter,South Carolina,41190,1.3%
889,Wilkes-Barre,Pennsylvania,41108,-4.3%
890,Woonsocket,Rhode Island,41026,-5.2%
891,Leominster,Massachusetts,41002,-1.1%
892,Shelton,Connecticut,40999,7.3%
893,Brea,California,40963,15.2%
894,Covington,Kentucky,40956,-4.7%
895,Rockwall,Texas,40922,117.2%
896,Meridian,Mississippi,40921,-0.9%
897,Riverton,Utah,40921,61.6%
898,St. Cloud,Florida,40918,86.2%
899,Quincy,Illinois,40915,0.5%
900,Morgan Hill,California,40836,19.5%
901,Warren,Ohio,40768,-15.2%
902,Edmonds,Washington,40727,2.9%
903,Burleson,Texas,40714,85.3%
904,Beverly,Massachusetts,40664,2.0%
905,Mankato,Minnesota,40641,24.7%
906,Hagerstown,Maryland,40612,10.4%
907,Prescott,Arizona,40590,18.1%
908,Campbell,California,40584,4.2%
909,Cedar Falls,Iowa,40566,12.0%
910,Beaumont,California,40481,254.5%
911,La Puente,California,40435,-1.6%
912,Crystal Lake,Illinois,40388,5.3%
913,Fitchburg,Massachusetts,40383,3.5%
914,Carol Stream,Illinois,40379,-0.2%
915,Hickory,North Carolina,40361,7.0%
916,Streamwood,Illinois,40351,10.1%
917,Norwich,Connecticut,40347,11.6%
918,Coppell,Texas,40342,10.3%
919,San Gabriel,California,40275,0.9%
920,Holyoke,Massachusetts,40249,0.9%
921,Bentonville,Arkansas,40167,97.7%
922,Florence,Alabama,40059,10.2%
923,Peachtree Corners,Georgia,40059,
924,Brentwood,Tennessee,40021,51.9%
925,Bozeman,Montana,39860,41.9%
926,New Berlin,Wisconsin,39834,3.6%
927,Goose Creek,South Carolina,39823,26.1%
928,Huntsville,Texas,39795,13.2%
929,Prescott Valley,Arizona,39791,62.9%
930,Maplewood,Minnesota,39765,12.3%
931,Romeoville,Illinois,39650,79.5%
932,Duncanville,Texas,39605,9.7%
933,Atlantic City,New Jersey,39551,-2.2%
934,Clovis,New Mexico,39508,21.3%
935,The Colony,Texas,39458,45.7%
936,Culver City,California,39428,1.3%
937,Marlborough,Massachusetts,39414,7.6%
938,Hilton Head Island,South Carolina,39412,16.0%
939,Moorhead,Minnesota,39398,21.3%
940,Calexico,California,39389,44.0%
941,Bullhead City,Arizona,39383,15.9%
942,Germantown,Tennessee,39375,4.1%
943,La Quinta,California,39331,59.9%
944,Lancaster,Ohio,39325,10.7%
945,Wausau,Wisconsin,39309,1.7%
946,Sherman,Texas,39296,11.6%
947,Ocoee,Florida,39172,57.9%
948,Shakopee,Minnesota,39167,85.7%
949,Woburn,Massachusetts,39083,4.4%
950,Bremerton,Washington,39056,4.9%
951,Rock Island,Illinois,38877,-1.9%
952,Muskogee,Oklahoma,38863,-0.7%
953,Cape Girardeau,Missouri,38816,9.4%
954,Annapolis,Maryland,38722,7.6%
955,Greenacres,Florida,38696,35.5%
956,Ormond Beach,Florida,38661,5.8%
957,Hallandale Beach,Florida,38632,12.4%
958,Stanton,California,38623,2.8%
959,Puyallup,Washington,38609,11.8%
960,Pacifica,California,38606,0.5%
961,Hanover Park,Illinois,38510,0.6%
962,Hurst,Texas,38448,5.8%
963,Lima,Ohio,38355,-8.1%
964,Marana,Arizona,38290,166.2%
965,Carpentersville,Illinois,38241,22.8%
966,Oakley,California,38194,47.7%
967,Huber Heights,Ohio,38142,-0.2%
968,Lancaster,Texas,38071,46.4%
969,Montclair,California,38027,12.1%
970,Wheeling,Illinois,38015,4.8%
971,Brookfield,Wisconsin,37999,-1.9%
972,Park Ridge,Illinois,37839,0.1%
973,Florence,South Carolina,37792,19.8%
974,Roy,Utah,37733,13.3%
975,Winter Garden,Florida,37711,142.5%
976,Chelsea,Massachusetts,37670,7.3%
977,Valley Stream,New York,37659,3.6%
978,Spartanburg,South Carolina,37647,-6.2%
979,Lake Oswego,Oregon,37610,5.3%
980,Friendswood,Texas,37587,28.6%
981,Westerville,Ohio,37530,5.7%
982,Northglenn,Colorado,37499,15.5%
983,Phenix City,Alabama,37498,31.9%
984,Grove City,Ohio,37490,35.6%
985,Texarkana,Texas,37442,7.4%
986,Addison,Illinois,37385,2.6%
987,Dover,Delaware,37366,16.0%
988,Lincoln Park,Michigan,37313,-6.7%
989,Calumet City,Illinois,37240,-4.5%
990,Muskegon,Michigan,37213,-7.1%
991,Aventura,Florida,37199,47.2%
992,Martinez,California,37165,3.4%
993,Greenfield,Wisconsin,37159,4.8%
994,Apache Junction,Arizona,37130,15.7%
995,Monrovia,California,37101,0.2%
996,Weslaco,Texas,37093,28.8%
997,Keizer,Oregon,37064,14.4%
998,Spanish Fork,Utah,36956,78.1%
999,Beloit,Wisconsin,36888,2.9%
1000,Panama City,Florida,36877,0.1%
